Ana Kategori,Alt Kategori,Kategori,webUrl
KADIN,Giyim,Tüm Kadın Giyim Ürünleri,/kadin-giyim-x-g1-c82
KADIN,Ayakkabı,Tüm Kadın Ayakkabıları,/kadin-ayakkabi-x-g1-c114
KADIN,Aksesuar,Tüm Aksesuar Ürünleri,/kadin-aksesuar-x-g1-c27
KADIN,Çanta,Tüm Çanta Ürünleri,/kadin-canta-x-g1-c117
KADIN,Kozmetik & Kişisel Bakım,Tüm Kozmetik Ürünleri,/kozmetik-x-c89
KADIN,Plaj Giyim,Tüm Plaj Ürünleri,/kadin-plaj-giyim-x-g1-c68
KADIN,Ev & İç Giyim,Tüm İç Giyim Ürünleri,/kadin-ic-giyim-x-g1-c64
KADIN,Spor,Tüm Spor Ürünleri,/kadin-spor-giyim-x-g1-c101447
KADIN,Outdoor,Tüm Outdoor Ürünleri,/spor-outdoor-x-c104593
KADIN,Lüks & Designer,Tüm Lüks Ürünleri,/sr/kadin-x-g1?q=luks
ERKEK,Giyim,Tüm Erkek Giyim Ürünleri,/erkek-giyim-x-g2-c82
ERKEK,Ayakkabı,Tüm Erkek Ayakkabıları,/erkek-ayakkabi-x-g2-c114
ERKEK,Saat & Aksesuar,Tüm Aksesuar Ürünleri,/erkek-aksesuar-x-g2-c27
ERKEK,Çanta,Tüm Çanta Ürünleri,/erkek-canta-x-g2-c117
ERKEK,Kişisel Bakım,Tüm Kozmetik Ürünleri,/erkek-kozmetik-x-g2-c89
ERKEK,Elektronik,Tüm Elektronik Ürünler,/elektronik-x-c104024
ERKEK,Plaj Giyim,Tüm Plaj Ürünleri,/erkek-plaj-giyim-x-g2-c68
ERKEK,İç Giyim,Tüm İç Giyim Ürünleri,/erkek-ic-giyim-x-g2-c64
ERKEK,Outdoor,Tüm Outdoor Ürünleri,/spor-outdoor-x-c104593
ERKEK,Lüks & Designer,Tüm Lüks Ürünleri,/sr/erkek-x-g2?q=luks
ELEKTRONİK,Cep Telefonu & Aksesuar,Tüm Telefon Ürünleri,/telefon-x-c104025
ELEKTRONİK,Bilgisayar & Tablet,Tüm Bilgisayar & Tablet Ürünleri,/bilgisayar-tablet-x-c103660
ELEKTRONİK,Foto & Kamera,Tüm Foto & Kamera Ürünleri,/foto-ve-kamera-x-c104037
ELEKTRONİK,Elektrikli Ev Aletleri,Tüm Elektrikli Ev Aletleri,/elektrikli-ev-aletleri-x-c1104
ELEKTRONİK,TV & Görüntü & Ses Sistemleri,Tüm TV Ürünleri,/tv-goruntu-ses-sistemleri-x-c104035
ELEKTRONİK,Oyun & Oyun Konsolları,Tüm Oyun Ürünleri,/oyun-ve-oyun-konsollari-x-c104044
ELEKTRONİK,Beyaz Eşya,Tüm Beyaz Eşya Ürünleri,/beyaz-esya-x-c103613
ELEKTRONİK,Kişisel Bakım Aletleri,Tüm Kişisel Bakım Aletleri,/kisisel-bakim-aletleri-x-c103109
ELEKTRONİK,Giyilebilir Teknoloji,Tüm Giyilebilir Teknoloji Ürünleri,/giyilebilir-teknoloji-x-c144430